n,M,time_s,M_log2_M
64,4096,0.0667121410369873,49152.0
128,16384,0.2645151615142822,229376.0
256,65536,1.0696241855621338,1048576.0
512,262144,4.299504041671753,4718592.0
