n,M,time_s,M_log2_M
64,4096,0.06477689743041992,49152.0
128,16384,0.2583770751953125,229376.0
256,65536,1.043308973312378,1048576.0
512,262144,4.276890993118286,4718592.0
