keep	MSE	PSNR	SizeRatio	SSIM
0.01	1815.0473022460938	15.54192413128413	0.7993070049951925	0.12309206284372247
0.05	1466.796215057373	16.467105802377976	1.1820724185642926	0.35070332981554225
0.1	1201.9333000183105	17.33199993232582	1.2978061021082996	0.5105484891530471
0.2	839.4964294433594	18.890615075365993	1.3941511690626391	0.6925558860172484
0.5	261.5035743713379	23.956027314537597	1.470538917942825	0.9172123113999637
1.0	0.3370399475097656	52.85398982385664	1.4940374287657419	0.9999323569657269
